{"valid_loss": 4697.794921875, "epoch": 99, "trainer/global_step": 399, "_timestamp": 1710947529.93585, "_runtime": 118.26440691947937, "_step": 199, "train_loss": 1058.5760498046875, "_wandb": {"runtime": 142}}