{"valid_loss": 4593.9541015625, "epoch": 99, "trainer/global_step": 399, "_timestamp": 1710946559.8047569, "_runtime": 111.46554398536682, "_step": 199, "train_loss": 2206.941650390625, "_wandb": {"runtime": 135}}