{"valid_loss": 0.26556524634361267, "epoch": 99, "trainer/global_step": 399, "_timestamp": 1710949110.608629, "_runtime": 101.89117097854614, "_step": 199, "train_loss": 0.0012101372703909874, "_wandb": {"runtime": 126}}