{"_timestamp": 1712486789.367854, "_runtime": 323.6582260131836, "_step": 30, "valid_loss": 8.194741249084473, "epoch": 9, "trainer/global_step": 1599, "train_loss": 0.0011609015055000782, "_wandb": {"runtime": 393}}